player,itemName,itemNumber,zone,boss,date,cost
Ciira,"Thalassian Wildercloak",29994,"Tempest Keep",Kael'thas Sunstrider,1639601989,-105
Noemichen,"Verdant Sphere",32405,"Tempest Keep",Kael'thas Sunstrider,1639601953,-105
Moraira,"Royal Cloak of the Sunstriders",29992,"Tempest Keep",Kael'thas Sunstrider,1639601922,0
Designflawz,"Chestguard of the Vanquished Champion",30236,"Tempest Keep",Kael'thas Sunstrider,1639601873,0
Shampoohoo,"Chestguard of the Vanquished Champion",30236,"Tempest Keep",Kael'thas Sunstrider,1639601858,0
Divinekaine,"Girdle of Fallen Stars",30030,"Tempest Keep",High Astromancer Solarian,1639600847,0
Elva,"Star-Soul Breeches",29977,"Tempest Keep",High Astromancer Solarian,1639600586,0
Healna,"Girdle of Zaetar",29984,"Tempest Keep",Void Reaver,1639599935,0
Geratotem,"Pauldrons of the Vanquished Champion",30248,"Tempest Keep",Void Reaver,1639599838,0
Noemichen,"Pauldrons of the Vanquished Champion",30248,"Tempest Keep",Void Reaver,1639599821,0
Elva,"Mindstorm Wristbands",29918,"Tempest Keep",Al'ar,1639598892,-104
Divinekaine,"Gloves of the Searing Grip",29947,"Tempest Keep",Al'ar,1639598828,-105
Divinekaine,"Seventh Ring of the Tirisfalen",30028,"Coilfang: Serpentshrine Cavern",Morogrim Tidewalker,1639598060,0
Primera,"Girdle of the Tidal Call",30068,"Coilfang: Serpentshrine Cavern",Morogrim Tidewalker,1639597795,0
Divinekaine,"Pendant of the Perilous",30022,"Coilfang: Serpentshrine Cavern",Fathom-Lord Karathress,1639597022,0
Geratotem,"Bloodsea Brigand's Vest",30101,"Coilfang: Serpentshrine Cavern",Fathom-Lord Karathress,1639596899,0
Moraira,"Leggings of the Vanquished Defender",30246,"Coilfang: Serpentshrine Cavern",Fathom-Lord Karathress,1639596874,0
Healna,"Leggings of the Vanquished Defender",30246,"Coilfang: Serpentshrine Cavern",Fathom-Lord Karathress,1639596856,0
Noemichen,"True-Aim Stalker Bands",30091,"Coilfang: Serpentshrine Cavern",Leotheras the Blind,1639596128,0
Yaggou,"Gloves of the Vanquished Hero",30241,"Coilfang: Serpentshrine Cavern",Leotheras the Blind,1639596095,0
Loriell,"Gloves of the Vanquished Hero",30241,"Coilfang: Serpentshrine Cavern",Leotheras the Blind,1639596078,0
Geratotem,"Wildfury Greatstaff",30021,"Coilfang: Serpentshrine Cavern",The Lurker Below,1639595534,0
Fluffers,"Wildfury Greatstaff",30021,"Coilfang: Serpentshrine Cavern",The Lurker Below,1639595355,0
Noemichen,"Grove-Bands of Remulos",30062,"Coilfang: Serpentshrine Cavern",The Lurker Below,1639595243,0
Kenpachina,"Cord of Screaming Terrors",30064,"Coilfang: Serpentshrine Cavern",The Lurker Below,1639595200,0
Xaia,"Krakken-Heart Breastplate",30102,"Coilfang: Serpentshrine Cavern",Lady Vashj,1639594825,0
Phorus,"Helm of the Vanquished Defender",30243,"Coilfang: Serpentshrine Cavern",Lady Vashj,1639594758,-105
Madesta,"Helm of the Vanquished Hero",30244,"Coilfang: Serpentshrine Cavern",Lady Vashj,1639594711,-102
Yaggou,"Ring of Lethality",30052,"Gruul's Lair",Prince Malchezaar,1639593629,-20
Geratotem,"Sextant of Unstable Currents",30626,"Coilfang: Serpentshrine Cavern",Fathom-Lord Karathress,1639001184,0
Luremistress,"Helm of the Vanquished Hero",30244,"Coilfang: Serpentshrine Cavern",Lady Vashj,1639001081,0
Primera,"Helm of the Vanquished Champion",30242,"Coilfang: Serpentshrine Cavern",Lady Vashj,1639001014,0
Loriell,"Vestments of the Sea-Witch",30107,"Coilfang: Serpentshrine Cavern",Lady Vashj,1639000959,-105
Divinekaine,"Prism of Inner Calm",30621,"Coilfang: Serpentshrine Cavern",Lady Vashj,1639000932,0
Krocket,"Coral-Barbed Shoulderpads",30097,"Coilfang: Serpentshrine Cavern",Fathom-Lord Karathress,1638999408,0
Primera,"Gloves of the Vanquished Champion",30239,"Coilfang: Serpentshrine Cavern",Fathom-Lord Karathress,1638999271,0
Fluffers,"Leggings of the Vanquished Defender",30246,"Coilfang: Serpentshrine Cavern",Fathom-Lord Karathress,1638999204,0
Lewera,"Leggings of the Vanquished Defender",30246,"Coilfang: Serpentshrine Cavern",Fathom-Lord Karathress,1638999016,-20
Moraira,"Nether Vortex",30183,"Coilfang: Serpentshrine Cavern",Leotheras the Blind,1638998701,0
Lewera,"Wildfury Greatstaff",30021,"Coilfang: Serpentshrine Cavern",The Lurker Below,1638998080,-20
Velvet,"Pattern: Boots of the Long Road",30283,"Coilfang: Serpentshrine Cavern",The Lurker Below,1638997325,0
Lewera,"Ancestral Ring of Conquest",30061,"Coilfang: Serpentshrine Cavern",The Lurker Below,1638996955,0
Luremistress,"Velvet Boots of the Guardian",30067,"Coilfang: Serpentshrine Cavern",The Lurker Below,1638996911,-104
Kenpachina,"Robe of Hateful Echoes",30056,"Coilfang: Serpentshrine Cavern",The Lurker Below,1638996846,0
Gnomorah,"Band of the Ranger-General",29997,"Tempest Keep",Kael'thas Sunstrider,1638994549,-105
Bazookatonyx,"Sunshower Light Cloak",29989,"Tempest Keep",Kael'thas Sunstrider,1638994522,-20
Loriell,"Chestguard of the Vanquished Hero",30238,"Tempest Keep",Kael'thas Sunstrider,1638994494,0
Wico,"Chestguard of the Vanquished Champion",30236,"Tempest Keep",Kael'thas Sunstrider,1638994470,0
Fluffers,"Nether Vortex",30183,"Tempest Keep",Kael'thas Sunstrider,1638994430,0
Wico,"Verdant Sphere",32405,"Tempest Keep",Kael'thas Sunstrider,1638994405,-105
Divinekaine,"Wristguards of Determination",32515,"Tempest Keep",High Astromancer Solarian,1638992751,0
Bazookatonyx,"Trousers of the Astromancer",29972,"Tempest Keep",High Astromancer Solarian,1638992715,0
Xaia,"Greaves of the Bloodwarder",29950,"Tempest Keep",High Astromancer Solarian,1638992685,0
Alexiz,"Nether Vortex",30183,"Tempest Keep",Void Reaver,1638991717,0
Lewera,"Pauldrons of the Vanquished Defender",30249,"Tempest Keep",Void Reaver,1638991282,0
Loriell,"Pauldrons of the Vanquished Hero",30250,"Tempest Keep",Void Reaver,1638991047,0
Krocket,"Talon of the Phoenix",32944,"Tempest Keep",Al'ar,1638989972,-20
Geratotem,"Crown of the Sun",29990,"Tempest Keep",Kael'thas Sunstrider,1638734400,0
Phorus,"Twinblade of the Phoenix",29993,"Tempest Keep",Kael'thas Sunstrider,1638734366,0
Krocket,"Chestguard of the Vanquished Champion",30236,"Tempest Keep",Kael'thas Sunstrider,1638734269,-101
Madesta,"Chestguard of the Vanquished Hero",30238,"Tempest Keep",Kael'thas Sunstrider,1638734233,-101
Healna,"Verdant Sphere",32405,"Tempest Keep",Kael'thas Sunstrider,1638734188,-105
Primera,"Nether Vortex",30183,"Tempest Keep",Kael'thas Sunstrider,1638734126,0
Krissi,"Pauldrons of the Vanquished Hero",30250,"Tempest Keep",Void Reaver,1638395938,-20
Divinekaine,"Pauldrons of the Vanquished Champion",30248,"Tempest Keep",Void Reaver,1638395913,0
Moraira,"Wand of the Forgotten Star",29982,"Tempest Keep",High Astromancer Solarian,1638394812,-20
Divinekaine,"Greaves of the Bloodwarder",29950,"Tempest Keep",High Astromancer Solarian,1638394683,0
Noemichen,"Bands of the Celestial Archer",30026,"Tempest Keep",High Astromancer Solarian,1638394624,0
Noemichen,"Phoenix-Ring of Rebirth",29920,"Tempest Keep",Al'ar,1638393602,0
Primera,"Talon of the Phoenix",32944,"Tempest Keep",Al'ar,1638393540,-101
Wico,"Glorious Gauntlets of Crestfall",30112,"Coilfang: Serpentshrine Cavern",Lady Vashj,1638392010,0
Yaggou,"Helm of the Vanquished Hero",30244,"Coilfang: Serpentshrine Cavern",Lady Vashj,1638391983,-102
Shampoohoo,"Helm of the Vanquished Champion",30242,"Coilfang: Serpentshrine Cavern",Lady Vashj,1638391893,-101
Phorus,"Ring of Sundered Souls",30083,"Coilfang: Serpentshrine Cavern",Morogrim Tidewalker,1638388179,0
Healna,"Gnarled Chestpiece of the Ancients",30075,"Coilfang: Serpentshrine Cavern",Morogrim Tidewalker,1638388122,0
Krissi,"Leggings of the Vanquished Hero",30247,"Coilfang: Serpentshrine Cavern",Fathom-Lord Karathress,1638387499,-20
Phorus,"Leggings of the Vanquished Defender",30246,"Coilfang: Serpentshrine Cavern",Fathom-Lord Karathress,1638387440,0
Lewera,"Bloodsea Brigand's Vest",30101,"Coilfang: Serpentshrine Cavern",Fathom-Lord Karathress,1638387334,0
Shampoohoo,"Tempest-Strider Boots",30066,"Coilfang: Serpentshrine Cavern",Leotheras the Blind,1638386809,0
Divinekaine,"Ancestral Ring of Conquest",30061,"Coilfang: Serpentshrine Cavern",Leotheras the Blind,1638386779,0
Noemichen,"Gloves of the Vanquished Champion",30239,"Coilfang: Serpentshrine Cavern",Leotheras the Blind,1638386691,0
Lewera,"Gloves of the Vanquished Defender",30240,"Coilfang: Serpentshrine Cavern",Leotheras the Blind,1638386603,0
Krocket,"Tsunami Talisman",30627,"Coilfang: Serpentshrine Cavern",Leotheras the Blind,1638386557,0
Madesta,"Nether Vortex",30183,"Coilfang: Serpentshrine Cavern",The Lurker Below,1638385525,0
Kenpachina,"Boots of the Shifting Nightmare",30050,"Coilfang: Serpentshrine Cavern",Lady Vashj,1638384253,0
Primera,"Ring of Lethality",30052,"Coilfang: Serpentshrine Cavern",Lady Vashj,1638384183,0
Moraira,"Pattern: Boots of Blasting",30282,"Coilfang: Serpentshrine Cavern",Lady Vashj,1638384140,0
Healna,"Runetotem's Mantle",30111,"Coilfang: Serpentshrine Cavern",Morogrim Tidewalker,1638127937,0
Ophelius,"Helm of the Vanquished Champion",30242,"Coilfang: Serpentshrine Cavern",Morogrim Tidewalker,1638127863,-104
Velvet,"Helm of the Vanquished Defender",30243,"Coilfang: Serpentshrine Cavern",Morogrim Tidewalker,1638127800,-103
Alexiz,"Serpent Spine Longbow",30105,"Coilfang: Serpentshrine Cavern",Morogrim Tidewalker,1638127751,-103
Yaggou,"Twinblade of the Phoenix",29993,"Tempest Keep",Kael'thas Sunstrider,1638123728,0
Tjen,"Pattern: Boots of Blasting",30282,"Coilfang: Serpentshrine Cavern",Morogrim Tidewalker,1637791699,0
Bazookatonyx,"Gloves of the Vanquished Defender",30240,"Coilfang: Serpentshrine Cavern",Morogrim Tidewalker,1637791577,0
Shampoohoo,"Gloves of the Vanquished Champion",30239,"Coilfang: Serpentshrine Cavern",Morogrim Tidewalker,1637791548,0
Shampoohoo,"Grove-Bands of Remulos",30062,"Coilfang: Serpentshrine Cavern",Morogrim Tidewalker,1637791498,0
Ciira,"Leggings of the Vanquished Hero",30247,"Coilfang: Serpentshrine Cavern",Morogrim Tidewalker,1637791462,-80
Primera,"Pendant of the Perilous",30022,"Coilfang: Serpentshrine Cavern",Morogrim Tidewalker,1637791427,0
Geratotem,"Velvet Boots of the Guardian",30067,"Coilfang: Serpentshrine Cavern",Morogrim Tidewalker,1637791386,-101
Primera,"Leggings of the Vanquished Champion",30245,"Coilfang: Serpentshrine Cavern",Morogrim Tidewalker,1637791309,0
Krocket,"Ring of Lethality",30052,"Coilfang: Serpentshrine Cavern",Morogrim Tidewalker,1637791253,-100
Krissi,"Fang of the Leviathan",30095,"Coilfang: Serpentshrine Cavern",Morogrim Tidewalker,1637791194,-105
Krocket,"Nether Vortex",30183,"Coilfang: Serpentshrine Cavern",Fathom-Lord Karathress,1637789561,0
Krocket,"Girdle of Fallen Stars",30030,"Tempest Keep",Kael'thas Sunstrider,1637784946,0
Bazookatonyx,"Cowl of the Grand Engineer",29986,"Tempest Keep",Kael'thas Sunstrider,1637784880,0
Fluffers,"Pauldrons of the Vanquished Defender",30249,"Tempest Keep",Kael'thas Sunstrider,1637784828,0
Krissi,"Wand of the Forgotten Star",29982,"Tempest Keep",Kael'thas Sunstrider,1637784699,0
Bazookatonyx,"Nether Vortex",30183,"Tempest Keep",Kael'thas Sunstrider,1637784565,0
Elva,"Royal Cloak of the Sunstriders",29992,"Tempest Keep",Kael'thas Sunstrider,1637784502,-104
Shampoohoo,"Verdant Sphere",32405,"Tempest Keep",Kael'thas Sunstrider,1637784474,-104
Ciira,"Chestguard of the Vanquished Hero",30238,"Tempest Keep",Kael'thas Sunstrider,1637784404,-20
Divinekaine,"Chestguard of the Vanquished Champion",30236,"Tempest Keep",Kael'thas Sunstrider,1637784354,-100
Fluffers,"Coral Band of the Revived",30110,"Coilfang: Serpentshrine Cavern",Lady Vashj,1637525319,-103
Noemichen,"Helm of the Vanquished Champion",30242,"Coilfang: Serpentshrine Cavern",Lady Vashj,1637525277,-103
Krocket,"Helm of the Vanquished Champion",30242,"Coilfang: Serpentshrine Cavern",Lady Vashj,1637525264,-105
Bolwerk,"Mantle of the Tireless Tracker",30085,"Coilfang: Serpentshrine Cavern",Morogrim Tidewalker,1637186804,0
Bazookatonyx,"Luminescent Rod of the Naaru",30080,"Coilfang: Serpentshrine Cavern",Morogrim Tidewalker,1637186765,-20
Krocket,"Band of Vile Aggression",33055,"Coilfang: Serpentshrine Cavern",Fathom-Lord Karathress,1637186267,0
Noemichen,"Soul-Strider Boots",30100,"Coilfang: Serpentshrine Cavern",Fathom-Lord Karathress,1637185936,0
Bazookatonyx,"Earring of Soulful Meditation",30665,"Coilfang: Serpentshrine Cavern",Fathom-Lord Karathress,1637185892,0
Krissi,"Boots of the Shifting Nightmare",30050,"Coilfang: Serpentshrine Cavern",Fathom-Lord Karathress,1637185829,0
Phorus,"Tsunami Talisman",30627,"Coilfang: Serpentshrine Cavern",Fathom-Lord Karathress,1637185789,-101
Krocket,"Pendant of the Perilous",30022,"Coilfang: Serpentshrine Cavern",Fathom-Lord Karathress,1637185759,0
Bolwerk,"Ancestral Ring of Conquest",30061,"Coilfang: Serpentshrine Cavern",Fathom-Lord Karathress,1637185708,0
Krissi,"Gloves of the Vanquished Hero",30241,"Coilfang: Serpentshrine Cavern",Fathom-Lord Karathress,1637185579,0
Velvet,"Gloves of the Vanquished Defender",30240,"Coilfang: Serpentshrine Cavern",Fathom-Lord Karathress,1637185542,0
Velvet,"Leggings of the Vanquished Defender",30246,"Coilfang: Serpentshrine Cavern",Fathom-Lord Karathress,1637185497,0
Xaia,"Leggings of the Vanquished Defender",30246,"Coilfang: Serpentshrine Cavern",Fathom-Lord Karathress,1637185464,-104
Moraira,"Nether Vortex",30183,"Coilfang: Serpentshrine Cavern",The Lurker Below,1637183355,0
Bolwerk,"Wristguards of Determination",32515,"Tempest Keep",Kael'thas Sunstrider,1637180682,0
Phorus,"Boots of the Resilient",32267,"Tempest Keep",Kael'thas Sunstrider,1637180643,0
Bazookatonyx,"Talisman of the Sun King",29923,"Tempest Keep",Kael'thas Sunstrider,1637180581,0
Ciira,"Claw of the Phoenix",29948,"Tempest Keep",Kael'thas Sunstrider,1637180549,-100
Bolwerk,"Bands of the Celestial Archer",30026,"Tempest Keep",Kael'thas Sunstrider,1637180526,0
Moraira,"Pauldrons of the Vanquished Defender",30249,"Tempest Keep",Kael'thas Sunstrider,1637180459,0
Fenito,"Pauldrons of the Vanquished Hero",30250,"Tempest Keep",Kael'thas Sunstrider,1637180410,-5
Wico,"Girdle of the Righteous Path",29965,"Tempest Keep",Kael'thas Sunstrider,1637180359,0
Elva,"Crown of the Sun",29990,"Tempest Keep",Kael'thas Sunstrider,1637180317,0
Bazookatonyx,"Chestguard of the Vanquished Defender",30237,"Tempest Keep",Kael'thas Sunstrider,1637180271,-103
Geratotem,"Chestguard of the Vanquished Champion",30236,"Tempest Keep",Kael'thas Sunstrider,1637180238,-102
Luremistress,"Verdant Sphere",32405,"Tempest Keep",Kael'thas Sunstrider,1637180203,-105
Phorus,"Rod of the Sun King",29996,"Tempest Keep",Kael'thas Sunstrider,1637180167,0
Designflawz,"Talon of Azshara",30082,"Coilfang: Serpentshrine Cavern",Morogrim Tidewalker,1636995820,-20
Phorus,"Nether Vortex",30183,"Coilfang: Serpentshrine Cavern",Lady Vashj,1636922877,0
Velvet,"Coral Band of the Revived",30110,"Coilfang: Serpentshrine Cavern",Lady Vashj,1636922799,-105
Gnomorah,"Helm of the Vanquished Defender",30243,"Coilfang: Serpentshrine Cavern",Lady Vashj,1636922757,-105
Keyan,"Helm of the Vanquished Hero",30244,"Coilfang: Serpentshrine Cavern",Lady Vashj,1636922720,-104
Ciira,"Serpent Spine Longbow",30105,"Coilfang: Serpentshrine Cavern",Lady Vashj,1636922643,-101
Loriell,"Pendant of the Lost Ages",30008,"Coilfang: Serpentshrine Cavern",Morogrim Tidewalker,1636919520,0
Bazookatonyx,"The Seal of Danzalar",33054,"Coilfang: Serpentshrine Cavern",Fathom-Lord Karathress,1636581940,0
Moraira,"Pattern: Boots of the Long Road",30283,"Coilfang: Serpentshrine Cavern",Fathom-Lord Karathress,1636581880,0
Bazookatonyx,"Soul-Strider Boots",30100,"Coilfang: Serpentshrine Cavern",Fathom-Lord Karathress,1636581823,0
Shampoohoo,"True-Aim Stalker Bands",30091,"Coilfang: Serpentshrine Cavern",Fathom-Lord Karathress,1636581758,0
Nejt,"Blackfathom Warbands",30047,"Coilfang: Serpentshrine Cavern",Fathom-Lord Karathress,1636581712,0
Designflawz,"Serpentshrine Shuriken",30025,"Coilfang: Serpentshrine Cavern",Fathom-Lord Karathress,1636581674,0
Designflawz,"Ring of Lethality",30052,"Coilfang: Serpentshrine Cavern",Fathom-Lord Karathress,1636581637,-20
Gnomorah,"Mallet of the Tides",30058,"Coilfang: Serpentshrine Cavern",Fathom-Lord Karathress,1636581603,0
Gnomorah,"Gloves of the Vanquished Defender",30240,"Coilfang: Serpentshrine Cavern",Fathom-Lord Karathress,1636581560,0
Ciira,"Gloves of the Vanquished Hero",30241,"Coilfang: Serpentshrine Cavern",Fathom-Lord Karathress,1636581547,0
Shampoohoo,"Leggings of the Vanquished Champion",30245,"Coilfang: Serpentshrine Cavern",Fathom-Lord Karathress,1636581384,0
Vacabo,"Leggings of the Vanquished Hero",30247,"Coilfang: Serpentshrine Cavern",Fathom-Lord Karathress,1636581343,-101
Phorus,"Seventh Ring of the Tirisfalen",30028,"Tempest Keep",Kael'thas Sunstrider,1636575799,0
Loriell,"Void Star Talisman",30449,"Tempest Keep",Kael'thas Sunstrider,1636575756,0
Loriell,"Mindstorm Wristbands",29918,"Tempest Keep",Kael'thas Sunstrider,1636575721,-105
Shampoohoo,"Girdle of Fallen Stars",30030,"Tempest Keep",Kael'thas Sunstrider,1636575685,0
Ciira,"Pauldrons of the Vanquished Hero",30250,"Tempest Keep",Kael'thas Sunstrider,1636575648,0
Phorus,"Pauldrons of the Vanquished Defender",30249,"Tempest Keep",Kael'thas Sunstrider,1636575591,-102
Yaggou,"Vambraces of Ending",29966,"Tempest Keep",Kael'thas Sunstrider,1636575549,0
Yaggou,"Verdant Sphere",32405,"Tempest Keep",Kael'thas Sunstrider,1636575478,-103
Ophelius,"Royal Cloak of the Sunstriders",29992,"Tempest Keep",Kael'thas Sunstrider,1636575443,-105
Yaggou,"Chestguard of the Vanquished Hero",30238,"Tempest Keep",Kael'thas Sunstrider,1636575388,0
Primera,"Chestguard of the Vanquished Champion",30236,"Tempest Keep",Kael'thas Sunstrider,1636575338,-102
Krocket,"Rod of the Sun King",29996,"Tempest Keep",Kael'thas Sunstrider,1636575279,0
Designflawz,"Helm of the Vanquished Champion",30242,"Coilfang: Serpentshrine Cavern",Lady Vashj,1636321013,-105
Gnomorah,"Nether Vortex",30183,"Coilfang: Serpentshrine Cavern",Lady Vashj,1636320934,0
Healna,"Helm of the Vanquished Defender",30243,"Coilfang: Serpentshrine Cavern",Lady Vashj,1636320816,-104
Wico,"Lightfathom Scepter",30108,"Coilfang: Serpentshrine Cavern",Lady Vashj,1636320779,-105
Geratotem,"Fathomstone",30049,"Tempest Keep",Kael'thas Sunstrider,1636314308,0
Gnomorah,"Pauldrons of the Wardancer",30053,"Tempest Keep",Kael'thas Sunstrider,1636314258,0
Designflawz,"Vambraces of Ending",29966,"Tempest Keep",Kael'thas Sunstrider,1636313487,0
Elva,"Wand of the Forgotten Star",29982,"Tempest Keep",Kael'thas Sunstrider,1636313447,-103
Bolwerk,"Twinblade of the Phoenix",29993,"Tempest Keep",Kael'thas Sunstrider,1636313393,-101
Geratotem,"Verdant Sphere",32405,"Tempest Keep",Kael'thas Sunstrider,1636313314,-105
Yaggou,"Nether Vortex",30183,"Tempest Keep",Kael'thas Sunstrider,1636313272,0
Alexiz,"Chestguard of the Vanquished Hero",30238,"Tempest Keep",Kael'thas Sunstrider,1636313235,-20
Noemichen,"Chestguard of the Vanquished Champion",30236,"Tempest Keep",Kael'thas Sunstrider,1636313190,-102
Alexiz,"Nether Vortex",30183,"Gruul's Lair",Gruul the Dragonkiller,1636310335,-20
Luremistress,"Soul-Eater's Handwraps",28780,"Magtheridon's Lair",Magtheridon,1635976009,0
Shampoohoo,"Chestguard of the Fallen Champion",29754,"Magtheridon's Lair",Magtheridon,1635975833,0
Shampoohoo,"Totem of the Maelstrom",30023,"Coilfang: Serpentshrine Cavern",Morogrim Tidewalker,1635974605,0
Wico,"Razor-Scale Battlecloak",30098,"Coilfang: Serpentshrine Cavern",Morogrim Tidewalker,1635974549,0
Velvet,"Luminescent Rod of the Naaru",30080,"Coilfang: Serpentshrine Cavern",Morogrim Tidewalker,1635974523,0
Primera,"True-Aim Stalker Bands",30091,"Coilfang: Serpentshrine Cavern",Morogrim Tidewalker,1635974460,0
Gnomorah,"Pendant of the Perilous",30022,"Coilfang: Serpentshrine Cavern",Morogrim Tidewalker,1635974423,0
Moraira,"Soul-Strider Boots",30100,"Coilfang: Serpentshrine Cavern",Morogrim Tidewalker,1635974373,0
Luremistress,"Gloves of the Vanquished Hero",30241,"Coilfang: Serpentshrine Cavern",Morogrim Tidewalker,1635974299,0
Moraira,"Gloves of the Vanquished Defender",30240,"Coilfang: Serpentshrine Cavern",Morogrim Tidewalker,1635974228,-101
Loriell,"Leggings of the Vanquished Hero",30247,"Coilfang: Serpentshrine Cavern",Morogrim Tidewalker,1635974162,0
Bazookatonyx,"Leggings of the Vanquished Defender",30246,"Coilfang: Serpentshrine Cavern",Morogrim Tidewalker,1635974113,-101
Velvet,"Nether Vortex",30183,"Coilfang: Serpentshrine Cavern",The Lurker Below,1635971399,0
Phorus,"Mallet of the Tides",30058,"Coilfang: Serpentshrine Cavern",The Lurker Below,1635970239,0
Bazookatonyx,"Pattern: Belt of Blasting",30280,"Tempest Keep",Void Reaver,1635968135,0
Honteryx,"Pattern: Belt of Deep Shadow",30302,"Tempest Keep",Void Reaver,1635968050,0
Wico,"Fel-Steel Warhelm",29983,"Tempest Keep",Void Reaver,1635967974,0
Shampoohoo,"Phoenix-Ring of Rebirth",29920,"Tempest Keep",Void Reaver,1635967948,-20
Primera,"Netherbane",29924,"Tempest Keep",Void Reaver,1635967898,0
Primera,"Pauldrons of the Vanquished Champion",30248,"Tempest Keep",Void Reaver,1635967872,0
Shampoohoo,"Pauldrons of the Vanquished Champion",30248,"Tempest Keep",Void Reaver,1635967827,-20
Honteryx,"Nether Vortex",30183,"Tempest Keep",Kael'thas Sunstrider,1635714738,0
Fluffers,"Sunshower Light Cloak",29989,"Tempest Keep",Kael'thas Sunstrider,1635714607,-101
Primera,"Rod of the Sun King",29996,"Tempest Keep",Kael'thas Sunstrider,1635714567,-105
Nejt,"Verdant Sphere",32405,"Tempest Keep",Kael'thas Sunstrider,1635714531,-105
Xaia,"Chestguard of the Vanquished Defender",30237,"Tempest Keep",Kael'thas Sunstrider,1635714487,-104
Phorus,"Chestguard of the Vanquished Defender",30237,"Tempest Keep",Kael'thas Sunstrider,1635714471,-105
Honteryx,"Cloak of the Pit Stalker",28777,"Magtheridon's Lair",Magtheridon,1635707214,0
Keyan,"Eredar Wand of Obliteration",28783,"Magtheridon's Lair",Magtheridon,1635707177,0
Wichtel,"Chestguard of the Fallen Hero",29755,"Magtheridon's Lair",Magtheridon,1635707144,0
Bazookatonyx,"Magtheridon's Head",32385,"Magtheridon's Lair",Magtheridon,1635707102,0
Noemichen,"Chestguard of the Fallen Champion",29754,"Magtheridon's Lair",Magtheridon,1635707060,0
Phorus,"Aldori Legacy Defender",28825,"Gruul's Lair",Gruul the Dragonkiller,1635705708,0
Bazookatonyx,"Teeth of Gruul",28822,"Gruul's Lair",Gruul the Dragonkiller,1635705676,0
Phorus,"Leggings of the Fallen Defender",29767,"Gruul's Lair",Gruul the Dragonkiller,1635705649,0
Keyan,"Brute Cloak of the Ogre-Magi",28797,"Gruul's Lair",High King Maulgar,1635705361,0
Ciira,"Pauldrons of the Fallen Hero",29762,"Gruul's Lair",High King Maulgar,1635705218,0
Designflawz,"Heartrazor",29962,"Tempest Keep",High Astromancer Solarian,1635368624,0
Fluffers,"Ethereum Life-Staff",29981,"Tempest Keep",High Astromancer Solarian,1635368587,0
Prime,"Seventh Ring of the Tirisfalen",30028,"Tempest Keep",High Astromancer Solarian,1635368526,0
Honteryx,"Bands of the Celestial Archer",30026,"Tempest Keep",High Astromancer Solarian,1635368481,-20
Elva,"Cowl of the Grand Engineer",29986,"Tempest Keep",High Astromancer Solarian,1635368440,0
Bazookatonyx,"Pauldrons of the Vanquished Defender",30249,"Tempest Keep",High Astromancer Solarian,1635368346,-105
Honteryx,"Pauldrons of the Vanquished Hero",30250,"Tempest Keep",High Astromancer Solarian,1635368297,-10
Krocket,"Netherbane",29924,"Tempest Keep",High Astromancer Solarian,1635368251,0
Furiorne,"Spyglass of the Hidden Fleet",30620,"Coilfang: Serpentshrine Cavern",Morogrim Tidewalker,1635363474,0
Bazookatonyx,"Illidari Shoulderpads",30079,"Coilfang: Serpentshrine Cavern",Morogrim Tidewalker,1635363346,0
Loriell,"Fathomstone",30049,"Coilfang: Serpentshrine Cavern",Morogrim Tidewalker,1635363282,0
Fluffers,"Grove-Bands of Remulos",30062,"Coilfang: Serpentshrine Cavern",Morogrim Tidewalker,1635363236,0
Incubus,"Pattern: Boots of Blasting",30282,"Coilfang: Serpentshrine Cavern",Morogrim Tidewalker,1635363190,-101
Ophelius,"Scarab of Displacement",30629,"Coilfang: Serpentshrine Cavern",Morogrim Tidewalker,1635363143,0
Healna,"Wildfury Greatstaff",30021,"Coilfang: Serpentshrine Cavern",Morogrim Tidewalker,1635363100,0
Bazookatonyx,"Gloves of the Vanquished Defender",30240,"Coilfang: Serpentshrine Cavern",Morogrim Tidewalker,1635362998,0
Fluffers,"Gloves of the Vanquished Defender",30240,"Coilfang: Serpentshrine Cavern",Morogrim Tidewalker,1635362982,0
Keyan,"Leggings of the Vanquished Hero",30247,"Coilfang: Serpentshrine Cavern",Morogrim Tidewalker,1635362883,-100
Noemichen,"Leggings of the Vanquished Champion",30245,"Coilfang: Serpentshrine Cavern",Morogrim Tidewalker,1635362809,-105
Wichtel,"Fang of the Leviathan",30095,"Coilfang: Serpentshrine Cavern",Morogrim Tidewalker,1635362760,-105
Phorus,"Serpentshrine Shuriken",30025,"Coilfang: Serpentshrine Cavern",Fathom-Lord Karathress,1635362319,0
Loriell,"Nether Vortex",30183,"Coilfang: Serpentshrine Cavern",Fathom-Lord Karathress,1635361319,0
Wichtel,"Nether Vortex",30183,"Coilfang: Serpentshrine Cavern",The Lurker Below,1635359340,0
Bazookatonyx,"Crown of the Sun",29990,"Tempest Keep",Kael'thas Sunstrider,1635107669,0
Gnomorah,"Leggings of Murderous Intent",29995,"Tempest Keep",Kael'thas Sunstrider,1635107619,-100
Velvet,"Verdant Sphere",32405,"Tempest Keep",Kael'thas Sunstrider,1635107562,-105
Elva,"Nether Vortex",30183,"Tempest Keep",Kael'thas Sunstrider,1635107488,-105
Keyan,"Chestguard of the Vanquished Hero",30238,"Tempest Keep",Kael'thas Sunstrider,1635107426,-100
Luremistress,"Chestguard of the Vanquished Hero",30238,"Tempest Keep",Kael'thas Sunstrider,1635107413,-103
Bazookatonyx,"Star-Soul Breeches",29977,"Tempest Keep",High Astromancer Solarian,1634757307,0
Phorus,"Wristguards of Determination",32515,"Tempest Keep",High Astromancer Solarian,1634757199,0
Spells,"Mantle of the Elven Kings",30024,"Tempest Keep",High Astromancer Solarian,1634757169,0
Geratotem,"Bands of the Celestial Archer",30026,"Tempest Keep",High Astromancer Solarian,1634757139,0
Geratotem,"Fire Crest Breastplate",29921,"Tempest Keep",High Astromancer Solarian,1634757090,0
Friedl,"Vambraces of Ending",29966,"Tempest Keep",High Astromancer Solarian,1634757057,-20
Ciira,"Talon of the Phoenix",32944,"Tempest Keep",High Astromancer Solarian,1634757016,-105
Noemichen,"Pauldrons of the Vanquished Champion",30248,"Tempest Keep",High Astromancer Solarian,1634756978,0
Yaggou,"Pauldrons of the Vanquished Hero",30250,"Tempest Keep",High Astromancer Solarian,1634756934,0
Incubus,"Nether Vortex",30183,"Tempest Keep",High Astromancer Solarian,1634756025,-105
Keyan,"Nether Vortex",30183,"Tempest Keep",Al'ar,1634752858,-20
Gnomorah,"Nether Vortex",30183,"Coilfang: Serpentshrine Cavern",Tidewalker Hydromancer,1634752127,-100
Aers,"Ranger-General's Chestguard",30054,"Coilfang: Serpentshrine Cavern",Tidewalker Hydromancer,1634502741,-20
Gnomorah,"Tsunami Talisman",30627,"Coilfang: Serpentshrine Cavern",Tidewalker Hydromancer,1634502648,-105
Keyan,"Gloves of the Vanquished Hero",30241,"Coilfang: Serpentshrine Cavern",Tidewalker Hydromancer,1634502558,-20
Healna,"Nether Vortex",30183,"Coilfang: Serpentshrine Cavern",Leotheras the Blind,1634497091,-100
Fluffers,"Girdle of Zaetar",29984,"Tempest Keep",High Astromancer Solarian,1634153398,-20
Yaggou,"Bands of the Celestial Archer",30026,"Tempest Keep",High Astromancer Solarian,1634153252,-20
Krocket,"Netherbane",29924,"Tempest Keep",High Astromancer Solarian,1634153195,-20
Healna,"Pauldrons of the Vanquished Defender",30249,"Tempest Keep",High Astromancer Solarian,1634153131,-104
Xaia,"Pauldrons of the Vanquished Defender",30249,"Tempest Keep",High Astromancer Solarian,1634153107,-104
Ophelius,"Pendant of the Lost Ages",30008,"Coilfang: Serpentshrine Cavern",Morogrim Tidewalker,1633892426,-20
Krocket,"Bloodsea Brigand's Vest",30101,"Coilfang: Serpentshrine Cavern",Morogrim Tidewalker,1633892400,-20
Ophelius,"Leggings of the Vanquished Champion",30245,"Coilfang: Serpentshrine Cavern",Morogrim Tidewalker,1633892338,-20
Luremistress,"Nether Vortex",30183,"Magtheridon's Lair",Magtheridon,1633889577,-100
Phorus,"Bracers of Eradication",30057,"Coilfang: Serpentshrine Cavern",Leotheras the Blind,1633554214,-20
Phorus,"Gloves of the Vanquished Defender",30240,"Coilfang: Serpentshrine Cavern",Leotheras the Blind,1633553958,-20
Truckertony,"Gloves of the Vanquished Defender",30240,"Coilfang: Serpentshrine Cavern",Leotheras the Blind,1633553944,-104
Loriell,"Fang of the Leviathan",30095,"Coilfang: Serpentshrine Cavern",Leotheras the Blind,1633553901,-105
Geratotem,"Nether Vortex",30183,"Coilfang: Serpentshrine Cavern",The Lurker Below,1633552470,-105
Yaggou,"Arcanite Steam-Pistol",29949,"Tempest Keep",High Astromancer Solarian,1633549376,-101
Wico,"Pauldrons of the Vanquished Champion",30248,"Tempest Keep",High Astromancer Solarian,1633549329,-100
Luremistress,"Pauldrons of the Vanquished Hero",30250,"Tempest Keep",High Astromancer Solarian,1633549302,-100
Luremistress,"Serpent-Coil Braid",30720,"Coilfang: Serpentshrine Cavern",Morogrim Tidewalker,1633286574,-102
Designflawz,"Bloodsea Brigand's Vest",30101,"Coilfang: Serpentshrine Cavern",Fathom-Lord Karathress,1633283223,-101
Wico,"Leggings of the Vanquished Champion",30245,"Coilfang: Serpentshrine Cavern",Fathom-Lord Karathress,1633283154,-20
Krocket,"Shoulderpads of the Stranger",30055,"Coilfang: Serpentshrine Cavern",Leotheras the Blind,1632949540,-63
Krocket,"True-Aim Stalker Bands",30091,"Coilfang: Serpentshrine Cavern",Leotheras the Blind,1632949399,-20
Krocket,"Gloves of the Vanquished Champion",30239,"Coilfang: Serpentshrine Cavern",Leotheras the Blind,1632949330,-20
Velvet,"Ethereum Life-Staff",29981,"Tempest Keep",High Astromancer Solarian,1632944514,-101
Yaggou,"Star-Strider Boots",29951,"Tempest Keep",High Astromancer Solarian,1632943986,-103
Keyan,"Pauldrons of the Vanquished Hero",30250,"Tempest Keep",High Astromancer Solarian,1632943762,-103
Lydraeth,"Pauldrons of the Vanquished Defender",30249,"Tempest Keep",High Astromancer Solarian,1632943702,-102
Xaia,"Boots of the Resilient",32267,"Tempest Keep",High Astromancer Solarian,1632685054,-20
Aers,"Vambraces of Ending",29966,"Tempest Keep",High Astromancer Solarian,1632685027,-102
Elva,"Band of Al'ar",29922,"Tempest Keep",High Astromancer Solarian,1632684942,-20
Wico,"Girdle of Fallen Stars",30030,"Tempest Keep",High Astromancer Solarian,1632684909,-101
Ophelius,"Wristguards of Determination",32515,"Tempest Keep",High Astromancer Solarian,1632684717,-20
Designflawz,"Pauldrons of the Vanquished Champion",30248,"Tempest Keep",High Astromancer Solarian,1632684670,-20
Blackmerlin,"Pauldrons of the Vanquished Hero",30250,"Tempest Keep",High Astromancer Solarian,1632684634,-102
Designflawz,"Leggings of the Vanquished Champion",30245,"Coilfang: Serpentshrine Cavern",Morogrim Tidewalker,1632348737,-100
Luremistress,"Leggings of the Vanquished Hero",30247,"Coilfang: Serpentshrine Cavern",Morogrim Tidewalker,1632345313,-101
Gnomorah,"Talon of Azshara",30082,"Coilfang: Serpentshrine Cavern",Morogrim Tidewalker,1632344987,-101
Healna,"Gloves of the Vanquished Defender",30240,"Coilfang: Serpentshrine Cavern",Leotheras the Blind,1632339485,-101
Xaia,"Gloves of the Vanquished Defender",30240,"Coilfang: Serpentshrine Cavern",Leotheras the Blind,1632339446,-101
Ophelius,"The Seal of Danzalar",33054,"Coilfang: Serpentshrine Cavern",Leotheras the Blind,1632339300,-20
Phorus,"Nether Vortex",30183,"Coilfang: Serpentshrine Cavern",The Lurker Below,1632337370,-20
Ophelius,"Boots of the Resilient",32267,"Tempest Keep",High Astromancer Solarian,1632084568,-20
Ciira,"Vambraces of Ending",29966,"Tempest Keep",High Astromancer Solarian,1632084513,-100
Nejt,"Pauldrons of the Vanquished Champion",30248,"Tempest Keep",Void Reaver,1632083858,-100
Truckertony,"Pauldrons of the Vanquished Defender",30249,"Tempest Keep",Void Reaver,1632083787,-100
Ophelius,"Seventh Ring of the Tirisfalen",30028,"Tempest Keep",Void Reaver,1632083719,-20
Designflawz,"Warp-Spring Coil",30450,"Tempest Keep",Void Reaver,1632079169,-20
Lydraeth,"Nether Vortex",30183,"Tempest Keep",Bloodwarder Squire,1632072969,-100
Geratotem,"Leggings of the Vanquished Champion",30245,"Coilfang: Serpentshrine Cavern",Fathom-Lord Karathress,1631827242,-80
Moraira,"Leggings of the Vanquished Defender",30246,"Coilfang: Serpentshrine Cavern",Fathom-Lord Karathress,1631827180,-100
Fabiolous,"World Breaker",30090,"Coilfang: Serpentshrine Cavern",Fathom-Lord Karathress,1631827111,-20
Phorus,"Pendant of the Perilous",30022,"Coilfang: Serpentshrine Cavern",Leotheras the Blind,1631823464,-20
Fluffers,"Orca-Hide Boots",30092,"Coilfang: Serpentshrine Cavern",Leotheras the Blind,1631823322,-100
Ophelius,"Gloves of the Vanquished Champion",30239,"Coilfang: Serpentshrine Cavern",Leotheras the Blind,1631823246,-100
Designflawz,"Gloves of the Vanquished Champion",30239,"Coilfang: Serpentshrine Cavern",Leotheras the Blind,1631823222,-100
Furiorne,"Wildfury Greatstaff",30021,"Coilfang: Serpentshrine Cavern",Leotheras the Blind,1631823158,-20
Gnomorah,"Bracers of Eradication",30057,"Coilfang: Serpentshrine Cavern",Leotheras the Blind,1631823107,-20
Geratotem,"Robe of Hateful Echoes",30056,"Coilfang: Serpentshrine Cavern",Leotheras the Blind,1631823033,-20
Gnomorah,"Nether Vortex",30183,"Serpentshrine Cavern",Vashj'ir Honor Guard,1631818105,-50